INSERT INTO `users` (`id`, `email`, `PASSWORD`, `username`, `registered_at`) VALUES (1, 'gerhard.lueilwitz@example.com', '0J9fh8QNRlbnnfmQXT27', 'Gerhard.Lueilwitz', '2023-01-19 22:48:11'), (2, 'marie18@example.com', 'S8rxVYSuqFCVDvUpxJNd', 'Marie18', '2023-01-31 00:44:49'), (3, 'joana95@example.com', '5tFNpGrAuu4bwQSgbLGJ', 'Joana95', '2023-01-25 19:41:35'), (4, 'mara.nikolaus@example.com', 'rI7Uv9OqYtoZlUIdvYx9', 'Mara.Nikolaus', '2023-01-12 04:51:10'), (5, 'franco_runolfsdottir99@example.com', 'od1ONKuc9M1R9nbDfMgc', 'Franco_Runolfsdottir99', '2023-01-16 22:38:31'), (6, 'davon.spinka@example.com', 'r0nYC38haewWPMqhu830', 'Davon.Spinka', '2023-01-02 09:10:58'), (7, 'luella35@example.com', 'E0Ct__UBOkGlSRDL6NdN', 'Luella35', '2023-01-25 04:58:43'), (8, 'brock44@example.com', 'NlBmEXaWlNN7JeAZyB5L', 'Brock44', '2023-01-21 19:17:01'), (9, 'claudie_reynolds18@example.com', 'AATCTd6oH2zA4fGpo7Bo', 'Claudie_Reynolds18', '2023-01-23 12:00:16'), (10, 'trudie.schmidt4@example.com', 'F8cBYYDfAF5uSftFHT_7', 'Trudie.Schmidt4', '2023-01-01 16:53:00');

INSERT INTO `posts` (`id`, `user_id`, `content`, `posted_at`) VALUES (1, 3, 'Cupiditate officiis fuga.', '2023-02-20 17:24:32'), (2, 3, 'Reiciendis voluptate pariatur.', '2023-02-24 09:06:29'), (3, 9, 'Repellat doloribus vitae.', '2023-02-24 15:19:21'), (4, 5, 'Facere error sapiente.', '2023-02-24 09:54:18'), (5, 9, 'Cupiditate fugiat libero.', '2023-02-09 04:02:43'), (6, 4, 'Nisi neque delectus.', '2023-02-19 21:17:04'), (7, 1, 'Animi libero nostrum.', '2023-02-08 00:48:14'), (8, 8, 'Alias quae possimus.', '2023-02-27 16:32:19'), (9, 9, 'Earum laboriosam distinctio.', '2023-02-02 22:40:06'), (10, 5, 'Aliquid beatae deserunt.', '2023-02-04 03:53:43'), (11, 9, 'Optio ab veniam.', '2023-02-28 17:41:44'), (12, 3, 'Magnam temporibus quo.', '2023-02-02 15:01:07'), (13, 10, 'Animi temporibus officia.', '2023-02-22 10:10:06'), (14, 1, 'Ab aliquid dolor.', '2023-02-25 00:53:05'), (15, 7, 'Eius ab corrupti.', '2023-02-16 03:33:34'), (16, 1, 'Sunt dolorem at.', '2023-02-28 03:14:51'), (17, 1, 'Est ad totam.', '2023-02-19 03:17:10'), (18, 8, 'Velit consectetur consequuntur.', '2023-02-08 03:26:00'), (19, 10, 'Nesciunt rerum corrupti.', '2023-02-03 18:52:54'), (20, 3, 'Rem unde minus.', '2023-02-18 09:37:13'), (21, 4, 'Quas unde inventore.', '2023-02-20 23:40:18'), (22, 6, 'Eaque similique ut.', '2023-02-24 13:29:55'), (23, 2, 'Ducimus nam nihil.', '2023-02-05 10:08:57'), (24, 2, 'Perferendis voluptas culpa.', '2023-02-25 13:51:17'), (25, 9, 'At animi modi.', '2023-02-15 11:29:27'), (26, 10, 'Doloribus quisquam distinctio.', '2023-02-01 16:17:21'), (27, 6, 'Possimus maiores ipsum.', '2023-02-28 06:30:09'), (28, 5, 'Eum vitae animi.', '2023-02-01 17:08:22'), (29, 5, 'Fugit cumque quisquam.', '2023-02-26 09:13:25'), (30, 8, 'Corporis sunt nisi.', '2023-02-24 09:35:51'), (31, 6, 'Quidem officia perferendis.', '2023-02-06 05:49:40'), (32, 2, 'Nisi esse consectetur.', '2023-02-03 02:48:11'), (33, 6, 'Doloribus autem molestiae.', '2023-02-07 15:02:33'), (34, 8, 'Laudantium totam consectetur.', '2023-02-24 19:29:49'), (35, 9, 'Omnis culpa dolorem.', '2023-02-23 22:06:40'), (36, 4, 'Totam eum in.', '2023-02-18 11:30:56'), (37, 2, 'Dolor illum facere.', '2023-02-05 09:27:13'), (38, 7, 'Adipisci occaecati harum.', '2023-02-26 19:47:29'), (39, 9, 'Unde unde natus.', '2023-02-05 07:06:53'), (40, 4, 'Libero dolore voluptate.', '2023-02-22 05:50:26'), (41, 2, 'Vitae tempora nam.', '2023-02-26 03:44:01'), (42, 6, 'Minima esse adipisci.', '2023-02-23 10:52:58'), (43, 1, 'Minus culpa dolorem.', '2023-03-01 03:40:19'), (44, 10, 'Porro officia incidunt.', '2023-02-07 21:53:02'), (45, 4, 'Porro sunt alias.', '2023-02-27 21:10:18'), (46, 7, 'Eos sunt praesentium.', '2023-02-27 04:32:42'), (47, 7, 'Impedit odit amet.', '2023-02-19 21:11:20'), (48, 7, 'Voluptatum nulla reprehenderit.', '2023-02-06 03:24:35'), (49, 2, 'Modi alias quis.', '2023-03-01 08:26:06'), (50, 10, 'Dolorum soluta in.', '2023-02-02 19:18:24'), (51, 7, 'Dolorum eaque ratione.', '2023-02-07 11:18:06'), (52, 8, 'Tenetur veniam maxime.', '2023-02-27 17:10:26'), (53, 10, 'Nihil laboriosam officiis.', '2023-02-27 23:45:23'), (54, 10, 'Officia debitis sit.', '2023-02-09 21:20:37'), (55, 2, 'Voluptate hic harum.', '2023-02-08 13:26:03'), (56, 5, 'Blanditiis minus voluptates.', '2023-02-25 08:42:41'), (57, 2, 'Vero soluta quas.', '2023-02-15 13:53:27'), (58, 9, 'Atque id illo.', '2023-02-13 13:09:28'), (59, 10, 'Rerum porro dicta.', '2023-02-24 23:05:38'), (60, 4, 'Tempore tempore maxime.', '2023-02-17 23:26:24'), (61, 7, 'Suscipit dolorum quo.', '2023-02-27 22:19:32'), (62, 5, 'Delectus eligendi iure.', '2023-02-23 22:12:18'), (63, 8, 'Illum consequatur quos.', '2023-02-06 05:42:51'), (64, 4, 'Non excepturi quidem.', '2023-02-11 02:25:37'), (65, 5, 'Occaecati est dolorem.', '2023-02-16 04:19:10'), (66, 4, 'Ex libero voluptatum.', '2023-02-26 00:56:00'), (67, 3, 'Saepe in excepturi.', '2023-02-18 17:36:19'), (68, 9, 'Natus ad a.', '2023-02-19 20:08:12'), (69, 5, 'Fuga id veritatis.', '2023-02-16 09:58:39'), (70, 4, 'Error placeat expedita.', '2023-02-19 15:02:05'), (71, 3, 'Magni voluptas blanditiis.', '2023-02-22 15:11:31'), (72, 3, 'Sapiente vitae corrupti.', '2023-02-16 03:13:59'), (73, 5, 'Beatae nihil saepe.', '2023-02-06 21:27:07'), (74, 9, 'Possimus suscipit quam.', '2023-02-27 16:13:02'), (75, 5, 'Cumque quasi similique.', '2023-02-14 06:46:18'), (76, 1, 'Architecto praesentium dicta.', '2023-02-25 16:18:52'), (77, 8, 'Non quibusdam deleniti.', '2023-02-08 15:22:38'), (78, 3, 'Alias ut inventore.', '2023-02-03 13:47:08'), (79, 2, 'Eligendi aut dolores.', '2023-02-04 12:50:21'), (80, 3, 'Inventore corrupti laborum.', '2023-02-27 08:00:25'), (81, 8, 'Necessitatibus velit dolorum.', '2023-02-02 13:48:07'), (82, 1, 'Temporibus cumque velit.', '2023-02-10 11:52:31'), (83, 1, 'Blanditiis temporibus animi.', '2023-02-13 04:56:04'), (84, 9, 'Nesciunt repellendus eum.', '2023-02-18 21:37:35'), (85, 7, 'Autem libero adipisci.', '2023-02-17 13:38:00'), (86, 3, 'Iusto aperiam repellat.', '2023-02-15 20:40:45'), (87, 4, 'Non explicabo nobis.', '2023-02-19 18:44:24'), (88, 7, 'Esse sapiente culpa.', '2023-02-16 10:44:04'), (89, 6, 'Numquam facilis excepturi.', '2023-02-19 04:11:45'), (90, 1, 'Ad minima cum.', '2023-02-11 04:32:26'), (91, 6, 'Ex magni fugiat.', '2023-02-08 17:52:28'), (92, 10, 'Impedit quia quo.', '2023-02-22 19:37:28'), (93, 2, 'Porro mollitia repellat.', '2023-02-12 14:58:48'), (94, 7, 'Delectus nisi illo.', '2023-02-12 11:50:14'), (95, 6, 'Aspernatur quo corrupti.', '2023-02-10 19:13:07'), (96, 3, 'Quasi illum illo.', '2023-02-02 12:45:38'), (97, 5, 'Atque vitae tempore.', '2023-02-13 04:08:30'), (98, 4, 'Aperiam odio quae.', '2023-02-25 23:34:14'), (99, 5, 'Quod dolorum veritatis.', '2023-02-07 10:17:14'), (100, 6, 'Eum magni impedit.', '2023-02-19 22:29:18'); 

INSERT INTO `likes` (`id`, `user_id`, `post_id`) VALUES (1, 6, 94), (2, 2, 8), (3, 9, 39), (4, 10, 48), (5, 5, 100), (6, 4, 50), (7, 10, 79), (8, 7, 86), (9, 6, 70), (10, 6, 50), (11, 8, 74), (12, 1, 34), (13, 6, 43), (14, 8, 16), (15, 8, 37), (16, 5, 85), (17, 6, 68), (18, 4, 32), (19, 10, 50), (20, 6, 10), (21, 6, 56), (22, 1, 78), (23, 3, 73), (24, 10, 99), (25, 9, 13), (26, 2, 80), (27, 9, 53), (28, 6, 60), (29, 8, 70), (30, 5, 63), (31, 6, 34), (32, 9, 72), (33, 9, 87), (34, 2, 49), (35, 3, 95), (36, 10, 65), (37, 2, 39), (38, 1, 71), (39, 9, 74), (40, 6, 52), (41, 8, 46), (42, 5, 98), (43, 10, 21), (44, 2, 34), (45, 2, 85), (46, 8, 71), (47, 7, 42), (48, 7, 26), (49, 2, 4), (50, 5, 6), (51, 2, 61), (52, 8, 36), (53, 9, 12), (54, 4, 1), (55, 5, 14), (56, 5, 9), (57, 1, 64), (58, 3, 71), (59, 10, 62), (60, 9, 28), (61, 9, 47), (62, 6, 90), (63, 7, 18), (64, 8, 72), (65, 9, 24), (66, 2, 81), (67, 10, 90), (68, 1, 20), (69, 6, 54), (70, 7, 65), (71, 1, 65), (72, 10, 3), (73, 3, 25), (74, 4, 43), (75, 9, 9), (76, 1, 47), (77, 2, 79), (78, 7, 3), (79, 4, 4), (80, 2, 41), (81, 6, 1), (82, 2, 69), (83, 6, 38), (84, 6, 57), (85, 1, 77), (86, 8, 85), (87, 1, 82), (88, 2, 23), (89, 10, 29), (90, 2, 21), (91, 5, 74), (92, 5, 90), (93, 2, 25), (94, 9, 80), (95, 9, 2), (96, 9, 62), (97, 6, 53), (98, 1, 84), (99, 7, 15), (100, 1, 99), (101, 1, 80), (102, 9, 58), (103, 7, 71), (104, 5, 16), (105, 9, 85), (106, 1, 28), (107, 8, 10), (108, 6, 13), (109, 4, 14), (110, 1, 90), (111, 10, 64), (112, 3, 17), (113, 7, 50), (114, 7, 55), (115, 5, 81), (116, 7, 90), (117, 5, 35), (118, 3, 7), (119, 1, 61), (120, 10, 63), (121, 3, 38), (122, 6, 20), (123, 1, 5), (124, 3, 76), (125, 8, 41), (126, 3, 78), (127, 4, 100), (128, 10, 14), (129, 3, 74), (130, 6, 91), (131, 4, 8), (132, 5, 43), (133, 7, 63), (134, 4, 98), (135, 4, 90), (136, 9, 23), (137, 10, 32), (138, 10, 53), (139, 3, 11), (140, 1, 35), (141, 3, 18), (142, 4, 49), (143, 2, 95), (144, 7, 7), (145, 1, 73), (146, 9, 42), (147, 7, 32), (148, 1, 69), (149, 3, 33), (150, 5, 68), (151, 6, 81), (152, 4, 69), (153, 2, 37), (154, 2, 32), (155, 1, 49), (156, 3, 40), (157, 5, 13), (158, 4, 86), (159, 3, 53), (160, 2, 97), (161, 9, 56), (162, 6, 96), (163, 10, 68), (164, 5, 91), (165, 6, 55), (166, 8, 73), (167, 1, 32), (168, 10, 47), (169, 8, 76), (170, 7, 12), (171, 9, 67), (172, 5, 84), (173, 8, 32), (174, 7, 84), (175, 5, 36), (176, 10, 11), (177, 9, 66), (178, 7, 37), (179, 4, 76), (180, 4, 54), (181, 6, 24), (182, 7, 91), (183, 10, 88), (184, 7, 62), (185, 7, 30), (186, 7, 57), (187, 3, 14), (188, 8, 12), (189, 1, 8), (190, 7, 54), (191, 6, 49), (192, 9, 38), (193, 8, 4), (194, 9, 40), (195, 8, 59), (196, 5, 18), (197, 10, 86), (198, 1, 4), (199, 8, 65), (200, 8, 64), (201, 7, 96), (202, 8, 96), (203, 7, 73), (204, 10, 15), (205, 8, 92), (206, 10, 23), (207, 2, 45), (208, 3, 89), (209, 5, 70), (210, 3, 39), (211, 2, 82), (212, 2, 9), (213, 2, 48), (214, 5, 65), (215, 9, 15), (216, 5, 64), (217, 7, 22), (218, 2, 14), (219, 9, 78), (220, 3, 22), (221, 9, 90), (222, 9, 45), (223, 7, 58), (224, 4, 61), (225, 3, 98), (226, 6, 14), (227, 4, 5), (228, 1, 50), (229, 10, 19), (230, 3, 2), (231, 4, 39), (232, 2, 68), (233, 8, 79), (234, 1, 89), (235, 10, 36), (236, 1, 53), (237, 2, 93), (238, 3, 50), (239, 4, 63), (240, 5, 4), (241, 7, 94), (242, 10, 10), (243, 6, 40), (244, 9, 89), (245, 5, 67), (246, 1, 94), (247, 1, 96), (248, 3, 8), (249, 4, 79), (250, 10, 89), (251, 10, 6), (252, 7, 61), (253, 4, 6), (254, 9, 21), (255, 10, 92), (256, 1, 26), (257, 6, 37), (258, 4, 42), (259, 10, 100), (260, 6, 22), (261, 7, 64), (262, 9, 68), (263, 3, 23), (264, 10, 2), (265, 6, 64), (266, 5, 30), (267, 7, 9), (268, 3, 84), (269, 4, 97), (270, 2, 53), (271, 2, 22), (272, 9, 88), (273, 9, 91), (274, 6, 23), (275, 6, 67), (276, 4, 57), (277, 4, 40), (278, 6, 86), (279, 5, 95), (280, 2, 43), (281, 10, 24), (282, 6, 63), (283, 5, 55), (284, 3, 83), (285, 10, 31), (286, 8, 75), (287, 1, 72), (288, 7, 14), (289, 7, 16), (290, 7, 77), (291, 6, 65), (292, 10, 98), (293, 4, 64), (294, 3, 28), (295, 4, 70), (296, 10, 46), (297, 7, 47), (298, 4, 67), (299, 6, 5), (300, 10, 16), (301, 4, 35), (302, 4, 18), (303, 4, 27), (304, 9, 20), (305, 6, 19), (306, 4, 28), (307, 5, 86), (308, 2, 72), (309, 1, 11), (310, 7, 1), (311, 6, 78), (312, 1, 23), (313, 10, 54), (314, 4, 16), (315, 5, 31), (316, 1, 41), (317, 2, 55), (318, 3, 85), (319, 4, 21), (320, 10, 18), (321, 10, 73), (322, 7, 31), (323, 8, 98), (324, 7, 25), (325, 5, 47), (326, 7, 17), (327, 4, 77), (328, 4, 74), (329, 3, 31), (330, 8, 66), (331, 6, 58), (332, 10, 59), (333, 9, 86), (334, 1, 15), (335, 1, 98), (336, 10, 84), (337, 3, 6), (338, 4, 82), (339, 6, 87), (340, 2, 31), (341, 8, 53), (342, 3, 57), (343, 7, 20), (344, 10, 42), (345, 8, 68), (346, 9, 51), (347, 10, 5), (348, 1, 30), (349, 1, 81), (350, 3, 24), (351, 6, 8), (352, 2, 90), (353, 9, 70), (354, 1, 85), (355, 8, 50), (356, 3, 4), (357, 1, 76), (358, 10, 28), (359, 3, 63), (360, 4, 20), (361, 3, 94), (362, 9, 73), (363, 2, 77), (364, 10, 76), (365, 4, 51), (366, 10, 49), (367, 9, 1), (368, 9, 37), (369, 4, 31), (370, 8, 54), (371, 5, 79), (372, 3, 86), (373, 6, 45), (374, 6, 89), (375, 3, 12), (376, 5, 27), (377, 1, 83), (378, 3, 79), (379, 1, 58), (380, 6, 77), (381, 3, 21), (382, 7, 100), (383, 5, 15), (384, 2, 65), (385, 9, 16), (386, 8, 33), (387, 6, 80), (388, 5, 57), (389, 10, 12), (390, 6, 15), (391, 7, 23), (392, 8, 83), (393, 2, 5), (394, 6, 4), (395, 4, 33), (396, 10, 58), (397, 8, 23), (398, 3, 99);

INSERT INTO `tags` (`id`, `name`) VALUES (1, 'driver'), (2, 'protocol'), (3, 'bandwidth'), (4, 'panel'), (5, 'microchip'), (6, 'programming'), (7, 'port'), (8, 'card'), (9, 'array'), (10, 'interface'), (11, 'system'), (12, 'sensor'), (13, 'firewall'), (14, 'hard drive'), (15, 'pixel'), (16, 'alarm'), (17, 'feed'), (18, 'monitor'), (19, 'application'), (20, 'transmitter'), (21, 'bus'), (22, 'circuit'), (23, 'capacitor'), (24, 'matrix'), (25, 'internet');

INSERT INTO `post_tags` (`id`, `post_id`, `tag_id`) VALUES (1, 69, 19), (2, 32, 21), (3, 5, 10), (4, 30, 2), (5, 10, 23), (6, 96, 8), (7, 73, 12), (8, 81, 11), (9, 65, 22), (10, 91, 24), (11, 77, 2), (12, 97, 2), (13, 88, 8), (14, 14, 25), (15, 14, 13), (16, 93, 7), (17, 12, 7), (18, 7, 8), (19, 77, 10), (20, 53, 6), (21, 57, 23), (22, 71, 23), (23, 49, 16), (24, 29, 19), (25, 19, 12), (26, 100, 1), (27, 53, 22), (28, 22, 2), (29, 40, 12), (30, 66, 13), (31, 43, 11), (32, 83, 20), (33, 85, 5), (34, 5, 19), (35, 22, 14), (36, 22, 10), (37, 98, 7), (38, 49, 22), (39, 66, 23), (40, 51, 14), (41, 82, 17), (42, 14, 24), (43, 2, 21), (44, 74, 22), (45, 7, 13), (46, 63, 10), (47, 100, 5), (48, 92, 22), (49, 89, 22), (50, 49, 2), (51, 67, 8), (52, 41, 20), (53, 59, 6), (54, 62, 15), (55, 16, 14), (56, 86, 12), (57, 46, 11), (58, 55, 24), (59, 31, 7), (60, 46, 17), (61, 42, 21), (62, 8, 5), (63, 7, 23), (64, 58, 20), (65, 89, 13), (66, 74, 1), (67, 76, 18), (68, 20, 20), (69, 80, 11), (70, 89, 21), (71, 38, 25), (72, 11, 17), (73, 73, 9), (74, 85, 11), (75, 8, 12), (76, 5, 3), (77, 10, 11), (78, 13, 15), (79, 92, 21), (80, 37, 17), (81, 66, 18), (82, 89, 1), (83, 25, 11), (84, 75, 21), (85, 26, 7), (86, 70, 6), (87, 19, 3), (88, 88, 10), (89, 23, 3), (90, 14, 21), (91, 86, 2), (92, 91, 18), (93, 69, 23), (94, 44, 4), (95, 80, 24), (96, 70, 5), (97, 63, 14), (98, 46, 22), (99, 33, 11), (100, 38, 9), (101, 37, 7), (102, 19, 14), (103, 2, 7), (104, 9, 7), (105, 74, 4), (106, 12, 20), (107, 7, 20), (108, 4, 8), (109, 72, 17), (110, 88, 11), (111, 36, 21), (112, 45, 17), (113, 53, 4), (114, 70, 10), (115, 25, 5), (116, 50, 11), (117, 7, 25), (118, 73, 20), (119, 19, 9), (120, 82, 4), (121, 28, 25), (122, 90, 5), (123, 23, 10), (124, 40, 7), (125, 5, 2), (126, 42, 17), (127, 16, 16), (128, 98, 13), (129, 77, 23), (130, 3, 25), (131, 80, 2), (132, 73, 7), (133, 72, 4), (134, 85, 14), (135, 96, 23), (136, 50, 5), (137, 70, 1), (138, 90, 13), (139, 73, 19), (140, 60, 3), (141, 6, 20), (142, 6, 7), (143, 76, 7), (144, 67, 25), (145, 28, 20), (146, 42, 9), (147, 54, 21), (148, 16, 19), (149, 29, 8), (150, 76, 8), (151, 20, 6), (152, 3, 21), (153, 35, 2), (154, 73, 24), (155, 71, 16), (156, 24, 25), (157, 70, 2), (158, 78, 12), (159, 4, 21), (160, 25, 19), (161, 15, 3), (162, 2, 9), (163, 41, 16), (164, 18, 19), (165, 77, 9), (166, 71, 9), (167, 38, 3), (168, 59, 9), (169, 45, 24), (170, 63, 17), (171, 99, 20), (172, 20, 7), (173, 79, 6), (174, 96, 24), (175, 10, 21), (176, 26, 20), (177, 84, 22), (178, 34, 19), (179, 86, 19), (180, 6, 3), (181, 8, 20), (182, 97, 22), (183, 32, 25), (184, 96, 13), (185, 56, 23), (186, 82, 3), (187, 78, 11), (188, 35, 25), (189, 95, 16), (190, 16, 5), (191, 44, 23), (192, 48, 14), (193, 45, 4), (194, 6, 6), (195, 69, 7), (196, 69, 2), (197, 81, 18), (198, 62, 13), (199, 100, 23), (200, 1, 12), (201, 69, 9), (202, 52, 12), (203, 27, 25), (204, 12, 21), (205, 62, 10), (206, 35, 21), (207, 11, 11), (208, 58, 19), (209, 22, 3), (210, 65, 11), (211, 3, 19), (212, 66, 10), (213, 36, 19), (214, 56, 14), (215, 3, 15), (216, 3, 9), (217, 28, 11), (218, 95, 20), (219, 23, 12), (220, 78, 20), (221, 69, 12), (222, 100, 20), (223, 79, 2), (224, 91, 21), (225, 84, 14), (226, 78, 10), (227, 6, 15), (228, 7, 16), (229, 84, 18), (230, 21, 2), (231, 33, 15), (232, 18, 12), (233, 5, 7), (234, 98, 15), (235, 18, 6);